id ,   registro de personal ,   nombre ,   fecha de nacimiento ,   fecha contratado ,   genero
1 ,   202085089 ,   Nikolaos Kemmis ,   04/07/1994 ,   26/06/2008 ,   
2 ,   201905800 ,   Catherin Churchley ,   22/04/1995 ,   04/12/2011 ,   F
 ,    ,   Alvin Selby ,   22/08/1996 ,   03/08/2018 ,   M
4 ,   201907604 ,   Lonny Antowski ,   17/10/1995 ,   20/12/2012 ,   
5 ,   201905800 ,   Quintin Piddletown ,   14/06/1991 ,   01/08/2006 ,   M
a ,   202014938 ,   Dulsea Yankin ,   15/07/1999 ,   29/12/2011 ,   F
7 ,   ,   Gregoor Geldert ,   18/03/1996 ,   23/11/2012 ,   M
8 ,   202039446 ,   Lucina Otter ,   03/04/1992 ,   31/07/2006 ,   F
 ,    ,   Baird McCheyne ,   11/08/1998 ,   07/10/2009 ,   M
10 ,   201715930 ,   Alisha Tett ,   17/02/1991 ,   21/10/2008 ,   Y
11 ,   registro ,   Roy Bonnette ,   22/03/1999 ,   21/05/2018 ,   M
12 ,   202010165 ,   Aguie Yantsev ,   29/04/1999 ,   05/11/2013 ,   I
error ,   201947635 ,   Skipper Shuttlewood ,   09/12/1995 ,   21/05/2012 ,   M
8 ,   202022198 ,   Leslie Bresnahan ,   22/11/1996 ,   06/02/2020 ,   M
15 ,   201754924 ,   Dorian Fellon ,   14/10/1999 ,   16/03/2020 ,   M
16 ,   201883553 ,   Yorke Wyllis ,   15/03/1999 ,   14/11/2014 ,   U
17 ,   202054236 ,   Maryrose Annesley ,   15/10/1999 ,   24/07/2006 ,   F
W ,   202045623 ,   Felipa Arthur ,   03/02/1999 ,   14/07/2010 ,   F
19 ,   201861996 ,   Maxie Smaile ,   07/04/1999 ,   30/05/2016 ,   G
20 ,   201907604 ,   Ulla Ayars ,   17/07/1992 ,   02/03/2007 ,   F
20 ,   201883197 ,   Noelle Clowser ,   01/03/1995 ,   03/08/2009 ,   F
22 ,   202087086 ,   Trefor Merrgan ,   22/03/1997 ,   22/03/2020 ,   M
23 ,   201796135 ,   Ali Privost ,   04/08/1991 ,   25/09/2006 ,   
24 ,   20187124R ,   Daffie Tarbet ,   21/09/1999 ,   16/09/2018 ,   F
25 ,   201927865 ,   Gifford Glinde ,   12/01/1990 ,   08/01/2009 ,   M
26 ,   202052769 ,   Dedra Goldster ,   05/05/1999 ,   25/08/2005 ,   
27 ,   2017w2453 ,   Jedidiah Bowman ,   25/03/1995 ,   07/06/2013 ,   M
28 ,   202027905 ,   Gnni Durman ,   19/04/1992 ,   05/03/2018 ,   F
 ,    ,   Boote Inkle ,   19/02/1995 ,   24/02/2018 ,   M
30 ,   201770316 ,   Andeee Wheatman ,   20/04/1990 ,   22/03/2008 ,   F
31 ,   201833198 ,   Dix McMichan ,   27/08/1994 ,   12/09/2013 ,   F
32 ,   201735284 ,   Ardeen Geggie ,   19/07/1996 ,   14/05/2017 ,   F
33 ,   202006401 ,   Hayden Norcutt ,   10/06/1998 ,   15/09/2012 ,   M
34 ,   201819632 ,   Aylmar McUre ,   06/10/1997 ,   03/02/2008 ,   M
35 ,   201978673 ,   Nil Onslow ,   25/05/1993 ,   17/10/2015 ,   M
36 ,   201843908 ,   Wood Kitchingman ,   01/09/1994 ,   05/08/2005 ,   M
37 ,   201910238 ,   Doll Blaxley ,   06/11/1997 ,   11/04/2015 ,   F
 ,    ,   Laney Goacher ,   14/03/1993 ,   10/07/2007 ,   M
39 ,   201765077 ,   Berti Pitcher ,   01/08/1993 ,   12/10/2008 ,   M
40 ,   202063286 ,   Luigi Islep ,   10/01/1990 ,   04/12/2013 ,   M
41 ,   201991321 ,   Timothy Mallison ,   08/11/1995 ,   06/03/2016 ,   M
42 ,   202063603 ,   Nicol Gracey ,   18/02/1994 ,   04/10/2005 ,   M
43 ,   201990727 ,   Mack Fitzsymonds ,   30/07/1996 ,   26/09/2005 ,   M
44 ,   201723407 ,   Giustino Prince ,   16/09/1992 ,   01/01/2020 ,   M
45 ,   201765968 ,   Laureen Ovendale ,   12/07/1993 ,   11/02/2013 ,   F
46 ,   202077870 ,   Diego Alelsandrovich ,   19/02/2000 ,   09/08/2017 ,   M
47 ,   201898710 ,   Fabio Wernham ,   27/01/1994 ,   01/06/2020 ,   M
48 ,   201811606 ,   Sam Lipprose ,   01/08/1996 ,   16/12/2009 ,   M
 ,    ,   Ali Blaydes ,   31/10/1997 ,   18/09/2011 ,   F
50 ,   201912610 ,   Beverlee Twaite ,   05/12/1994 ,   18/08/2009 ,   F
51 ,   202090195 ,   Jeth Toderbrugge ,   14/10/1992 ,   02/01/2015 ,   M
52 ,   201748481 ,   Wandie McTrustey ,   28/01/1993 ,   17/04/2011 ,   F
53 ,   201768751 ,   Joelie Catterick ,   30/01/1999 ,   10/06/2017 ,   T
54 ,   201792241 ,   Jen O'Cannovane ,   25/07/1997 ,   10/09/2013 ,   F
55 ,   201851036 ,   Giusto Matfin ,   25/01/1992 ,   03/07/2014 ,   M
56 ,   201891096 ,   Shalna Trice ,   17/05/1996 ,   27/07/2008 ,   F
57 ,   202016813 ,   Merla Oloman ,   28/11/1996 ,   01/04/2016 ,   F
58 ,   201820301 ,   Keeley Arpe ,   18/01/1990 ,   20/10/2007 ,   F
59 ,   201735021 ,   Andrea Grindlay ,   16/03/1999 ,   21/05/2019 ,   M
60 ,   201787703 ,   Charles Simonaitis ,   05/02/1995 ,   15/02/2020 ,   M
61 ,   201779430 ,   Amelina Coils ,   03/08/1998 ,   10/04/2017 ,   F
62 ,   202092020 ,   Ancell Planque ,   20/12/1996 ,   11/03/2014 ,   M
63 ,   201931183 ,   Milly Ciccottini ,   06/02/1996 ,   25/05/2017 ,   F
64 ,   201965395 ,   Eyde McCurry ,   16/04/2000 ,   22/12/2018 ,   F
65 ,   201816470 ,   Lynnett Swannell ,   13/12/1994 ,   30/05/2007 ,   F
66 ,   202084158 ,   Son Alp ,   27/03/1992 ,   11/07/2011 ,   M
67 ,   201886110 ,   Andreas Stairmond ,   10/04/1994 ,   30/07/2014 ,   M
68 ,   202045799 ,   Teena Eberle ,   29/06/1997 ,   15/05/2017 ,   F
69 ,   201794032 ,   Catarina Gully ,   18/07/1999 ,   13/01/2013 ,   F
70 ,   202064783 ,   Fanny Hardi ,   06/06/1994 ,   14/12/2011 ,   F
71 ,   201943050 ,   Murvyn Kovacs ,   09/06/1997 ,   09/01/2015 ,   M
72 ,   201951658 ,   Artair Paszek ,   07/09/1990 ,   28/11/2007 ,   M
73 ,   201836734 ,   Manya Danilovich ,   06/05/2000 ,   19/08/2015 ,   R
74 ,   201897983 ,   Edd Irlam ,   25/05/1997 ,   11/10/2019 ,   M
75 ,   202044063 ,   Florencia Sara ,   04/07/1995 ,   08/11/2016 ,   F
76 ,   202060445 ,   Lindsey Gowlett ,   07/01/1990 ,   22/06/2007 ,   M
77 ,   201913816 ,   Arch Reynard ,   06/05/1992 ,   11/03/2018 ,   M
78 ,   201706610 ,   Ulrich Deport ,   11/03/1992 ,   07/11/2015 ,   M
79 ,   202038636 ,   Vallie Krojn ,   19/04/1991 ,   06/08/2018 ,   F
80 ,   201753937 ,   Rossy Tyne ,   30/06/1993 ,   29/09/2016 ,   M
81 ,   202100836 ,   Sim Wilkowski ,   18/02/1993 ,   06/12/2006 ,   M
82 ,   201883439 ,   Vinny Wolford ,   21/05/1994 ,   21/04/2016 ,   M
 ,    ,   Nettie McGourty ,   01/03/1996 ,   13/03/2019 ,   F
84 ,   202060809 ,   Putnam Ochterlony ,   30/01/1992 ,   26/03/2014 ,   M
85 ,   201826080 ,   Dick Paddy ,   19/02/1992 ,   09/01/2020 ,   M
86 ,   201760864 ,   Thomasina Cardno ,   03/04/1998 ,   27/03/2010 ,   F
87 ,   201986182 ,   Reider Sultana ,   22/02/1994 ,   14/05/2017 ,   M
88 ,   201739271 ,   Grantham Tschiersch ,   04/02/1998 ,   04/06/2012 ,   M
 ,    ,   Layney Belone ,   03/12/1998 ,   20/03/2016 ,   F
90 ,   202018493 ,   Imojean Shark ,   22/06/1994 ,   06/11/2007 ,   F
91 ,   201712843 ,   Yorke MacKartan ,   23/09/1997 ,   12/12/2005 ,   M
92 ,   201987757 ,   Brook Ipplett ,   29/03/1991 ,   23/02/2015 ,   F
93 ,   201726522 ,   Bartholomeo Aldington ,   21/10/1994 ,   20/04/2009 ,   M
94 ,   201764119 ,   Flynn Basey ,   26/07/1995 ,   21/06/2007 ,   M
95 ,   201706946 ,   Prentiss Flewett ,   06/03/1994 ,   13/01/2019 ,   M
96 ,   201872722 ,   Sibbie Cawthery ,   02/07/1990 ,   25/01/2010 ,   F
97 ,   201766152 ,   Quent Ealles ,   26/01/1999 ,   01/03/2010 ,   M
98 ,   202012170 ,   Hetty Geikie ,   09/11/1990 ,   04/12/2012 ,   F
99 ,   201984265 ,   Shawn Matchitt ,   06/06/1991 ,   21/08/2012 ,   M
100 ,   201830513 ,   Deina Midghall ,   03/06/1992 ,   22/12/2005 ,   F
